INSERT INTO region (regionID, location) VALUES
(1, 'WEST'),
(2, 'MIDWEST'),
(3, 'SOUTHWEST'),
(4, 'SOUTHEAST'),
(5, 'NORTHEAST');

INSERT INTO user (name, email, phone, password, regionID, is_Admin) VALUES
('TESTUSER', 'testuser@email.com', '(123) 456-7890', '12345678', 2, 1),
('ROOT_USER', 'rootuser@email.com', '(111) 222-3333', '11111111', 1, 1);

INSERT INTO user (name, email, phone, password, regionID) VALUES
('Aisha Ahmed', 'aishaahmed@email.com', '(202) 555-0137', 'Xy7@qP3z', 1),
('Mei Tanaka', 'meitanaka@email.com', '(415) 555-0298', 'Rd!9Fg2x', 3),
('Priya Kapoor', 'priyakapoor@email.com', '(310) 555-7845', 'Pa$4Kl7w', 2),
('Sofia Garcia', 'sofiagarcia@email.com', '(718) 555-6721', 'Mq3*Xo1y', 5),
('Anika Johansson', 'anikajohansson@email.com', '(303) 555-1283', 'Zt!8Wp6n', 4),
('Carmen Rivera', 'carmenrivera@email.com', '(602) 555-8473', 'Lm9#Yr2q', 1),
('Fatima Hassan', 'fatimahassan@email.com', '(212) 555-9630', 'Cx4$Bo7t', 2),
('Elena Petrova', 'elenapetrova@email.com', '(650) 555-4312', 'Jk2@Vz6w', 3),
('Naomi Williams', 'naomiwilliams@email.com', '(408) 555-7468', 'Tp5&Ln3x', 4),
('Sakura Yamamoto', 'sakurayamamoto@email.com', '(919) 555-2257', 'Rm7*Qo9p', 5),
('Zara Khan', 'zarakhan@email.com', '(512) 555-3876', 'Wz8@Kr4q', 3),
('Yara Mendes', 'yaramendes@email.com', '(702) 555-1493', 'Yn1#Cx5t', 2),
('Leila Bakri', 'leilabakri@email.com', '(818) 555-5439', 'Pl6!Vo2x', 1),
('Amara Okoye', 'amaraokoye@email.com', '(714) 555-2094', 'Kt3&Jr8w', 5),
('Chiara Rossi', 'chiararossi@email.com', '(404) 555-8023', 'Bn4$Wp7z', 4),
('Liam O Connor', 'liamoconnor@email.com', '(312) 555-9647', 'Xo1!Rq9y', 3),
('Omar Malik', 'omarmalik@email.com', '(210) 555-5874', 'Zk2*Lm8p', 1),
('Hiroshi Sato', 'hiroshisato@email.com', '(509) 555-3438', 'Fg7@Tp4x', 2),
('Rafael Silva', 'rafaelsilva@email.com', '(901) 555-7192', 'Ln9!Kr6w', 4),
('Arjun Patel', 'arjunpatel@email.com', '(503) 555-1346', 'Yp3$Qo2z', 5),
('Emily Brown', 'emilybrown@email.com', '(216) 555-6421', 'Tz8*Wm5n', 3),
('Diego Torres', 'diegotorres@email.com', '(619) 555-8907', 'Jn6#Xo4q', 2),
('Yasmin Haddad', 'yasminhaddad@email.com', '(713) 555-4196', 'Rm1@Yr9t', 1),
('Noah Schmidt', 'noahschmidt@email.com', '(718) 555-2365', 'Cx7!Jk2p', 4),
('Jae Kim', 'jaekim@email.com', '(720) 555-3190', 'Wp5*Zt3y', 5),
('Lucas Ferreira', 'lucasferreira@email.com', '(347) 555-6832', 'Kl8@Tp4n', 2),
('Ava Nguyen', 'avanguyen@email.com', '(925) 555-4017', 'Bm2!Xo9q', 3),
('Isaac Cohen', 'isaaccohen@email.com', '(614) 555-9473', 'Fp7#Yn6w', 1),
('Nadia Morozov', 'nadiamorozov@email.com', '(973) 555-1045', 'Tz3$Rm5x', 5),
('Malik Al-Farsi', 'malikalfarsi@email.com', '(408) 555-7645', 'Xo4*Jk8z', 4),
('Hana Chen', 'hanachen@email.com', '(281) 555-6904', 'Ln9!Wp2y', 3),
('Elias Romero', 'eliasromero@email.com', '(615) 555-8234', 'Zt5@Qo7n', 2),
('Kaori Nakamura', 'kaorinakamura@email.com', '(347) 555-1982', 'Kl3$Yr6p', 1),
('Ahmed Rahman', 'ahmedrahman@email.com', '(714) 555-4903', 'Jm8&Xo1z', 5),
('Sofia Delgado', 'sofiadelgado@email.com', '(305) 555-3428', 'Tp9!Ln4q', 4),
('Matteo Greco', 'matteogreco@email.com', '(646) 555-7901', 'Wz2#Kl7t', 3),
('Layla Singh', 'laylasingh@email.com', '(206) 555-1348', 'Bp6@Rq3y', 1),
('Ibrahim El-Amin', 'ibrahimelamin@email.com', '(801) 555-8627', 'Yn1*Zt8p', 2),
('Maria Lopez', 'marialopez@email.com', '(732) 555-2493', 'Fg4$Wm9x', 4),
('Ethan Sullivan', 'ethansullivan@email.com', '(413) 555-8732', 'Rm5&Xo2z', 5),
('Alejandro Vargas', 'alejandrovargas@email.com', '(831) 555-6714', 'Kl7!Tp3n', 2),
('Chiamaka Nwosu', 'chiamakanwosu@email.com', '(757) 555-9704', 'Yn9@Jk4w', 3),
('Rui Zhang', 'ruizhang@email.com', '(609) 555-2369', 'Bm8#Rq6y', 1),
('Hanna Schwarz', 'hannaschwarz@email.com', '(805) 555-4187', 'Xo2*Tp7z', 4),
('Zayn Ibrahim', 'zayniemail.com', '(619) 555-8124', 'Wz3$Ln5p', 5),
('Chloe Dupont', 'chloedupont@email.com', '(602) 555-4309', 'Zt4&Jm9q', 3),
('Aaron Levitz', 'aaronlevitz@email.com', '(210) 555-5631', 'Cx6!Yr2n', 2),
('Jamal Carter', 'jamalcarter@email.com', '(559) 555-7423', 'Tp1@Rq8z', 1),
('Lucia Fernandez', 'luciafernandez@email.com', '(313) 555-2647', 'Wm7#Kl4p', 4),
('Vijay Reddy', 'vijayreddy@email.com', '(781) 555-5902', 'Ln2$Zt5x', 5);

INSERT INTO branch(regionID, branchPhoneNumber, branchAddr) VALUES
(1, '(944) 265-6442', '1234 Palm Drive, Los Angeles, CA 90001'),
(2, '(127) 302-5127', '5678 Oak Street, Chicago, IL 60604'),
(3, '(138) 635-1150', '7890 Sun Valley Road, Phoenix, AZ 85001'),
(4, '(784) 122-1036', '4321 Beachside Blvd, Miami, FL 33101'),
(5, '(788) 785-2839', '1010 Broadway Avenue, New York, NY 10001');

INSERT INTO item (name, type, material, brand, year, price, sale, branchID) VALUES
('Haugland', 'Appliances', 'Leather', 'Samsung', 2022, 115.84, 1, 3),
('Finstad', 'Appliances', 'Wood', 'H&M', 2014, 906.14, 0.56, 1),
('Torsen', 'Clothing', 'Metal', 'Bosch', 2008, 775.15, 1, 4),
('Nordvik', 'Clothing', 'Leather', 'Samsung', 2005, 241.54, 1, 1),
('Vagland', 'Electronics', 'Wood', 'Samsung', 2004, 77.57, 0.98, 3),
('Lovli', 'Electronics', 'Stone', 'Sony', 2023, 992.36, 1, 2),
('Bjornhaug', 'Furniture', 'Cotton', 'LG', 2015, 683.92, 1, 1),
('Hjemli', 'Appliances', 'Wood', 'Siemens', 2022, 264.73, 0.99, 2),
('Hoglund', 'Furniture', 'Metal', 'Bosch', 2021, 242.09, 1, 3),
('Krakenes', 'Furniture', 'Plastic', 'Apple', 2023, 414.85, 0.15, 2),
('Holmstad', 'Furniture', 'Wood', 'Ikea', 2019, 302.64, 0.67, 3),
('Bergdahl', 'Electronics', 'Cotton', 'Philips', 2020, 517.55, 1, 5),
('Aasland', 'Furniture', 'Cotton', 'Bosch', 2017, 953.15, 0.65, 4),
('Hjelmstad', 'Furniture', 'Wood', 'Sony', 2011, 794.67, 1, 1),
('Moen', 'Clothing', 'Wood', 'Ikea', 2016, 605.84, 0.34, 5),
('Skovli', 'Appliances', 'Plastic', 'Philips', 2017, 167.55, 1, 3),
('Lundhaug', 'Electronics', 'Metal', 'Bosch', 2023, 818.69, 0.38, 4),
('Blomvik', 'Clothing', 'Wood', 'Apple', 2018, 112.35, 1, 3),
('Kallestad', 'Appliances', 'Wood', 'Samsung', 2015, 399.11, 0.83, 2),
('Selje', 'Furniture', 'Stone', 'LG', 2020, 595.71, 0.46, 1),
('Jorgensen', 'Clothing', 'Metal', 'Apple', 2022, 767.98, 1, 2),
('Lysdal', 'Appliances', 'Leather', 'Sony', 2019, 294.75, 0.67, 1),
('Straume', 'Electronics', 'Wood', 'Siemens', 2021, 755.96, 1, 5),
('Holand', 'Clothing', 'Plastic', 'Ikea', 2020, 623.88, 1, 4),
('Roen', 'Electronics', 'Stone', 'Philips', 2018, 378.55, 1, 3),
('Kongsrud', 'Furniture', 'Stone', 'Ikea', 2023, 892.46, 0.05, 2),
('Sandvik', 'Electronics', 'Plastic', 'Sony', 2014, 184.71, 1, 2),
('Tjostheim', 'Clothing', 'Metal', 'LG', 2021, 350.09, 0.93, 4),
('Nyheim', 'Appliances', 'Wood', 'Philips', 2017, 479.42, 1, 2),
('Koldstad', 'Electronics', 'Wood', 'Apple', 2015, 462.78, 1, 1),
('Haugen', 'Furniture', 'Plastic', 'Samsung', 2023, 276.21, 1, 3),
('Nilsen', 'Clothing', 'Wood', 'Philips', 2022, 135.43, 0.01, 3),
('Overland', 'Clothing', 'Plastic', 'Sony', 2021, 694.62, 1, 4),
('Haugstad', 'Furniture', 'Stone', 'Ikea', 2021, 595.52, 0.45, 2),
('Fjellstad', 'Electronics', 'Wood', 'Samsung', 2014, 121.91, 1, 5),
('Vindvik', 'Clothing', 'Plastic', 'LG', 2023, 802.98, 0.88, 3),
('Bjerke', 'Appliances', 'Stone', 'Philips', 2022, 573.74, 1, 1),
('Kvam', 'Clothing', 'Wood', 'Sony', 2019, 573.94, 0.63, 4),
('Rodland', 'Electronics', 'Wood', 'Siemens', 2015, 503.76, 1, 4),
('Hegdal', 'Furniture', 'Plastic', 'Philips', 2015, 410.96, 1, 2),
('Austheim', 'Appliances', 'Cotton', 'Ikea', 2018, 869.04, 1, 5),
('Huset', 'Clothing', 'Plastic', 'Sony', 2020, 762.89, 0.78, 4),
('Trygstad', 'Appliances', 'Cotton', 'Ikea', 2019, 915.29, 1, 5),
('Follestad', 'Electronics', 'Stone', 'Siemens', 2016, 775.11, 0.4, 2),
('Vestre', 'Clothing', 'Metal', 'Apple', 2020, 267.76, 0.2, 4),
('Flottum', 'Appliances', 'Plastic', 'LG', 2021, 647.79, 1, 5),
('Hvalstad', 'Appliances', 'Wood', 'Ikea', 2016, 646.04, 0.9, 1),
('Osheim', 'Appliances', 'Cotton', 'Philips', 2020, 809.85, 1, 4),
('Kasen', 'Furniture', 'Metal', 'Bosch', 2022, 198.91, 0.5, 2),
('Lilledal', 'Clothing', 'Leather', 'Bosch', 2019, 283.53, 1, 3),
('Sorum', 'Furniture', 'Stone', 'Apple', 2023, 448.51, 0.8, 5),
('Holandstad', 'Clothing', 'Plastic', 'Ikea', 2021, 376.77, 1, 4),
('Kleven', 'Appliances', 'Stone', 'Apple', 2023, 820.97, 0.78, 5),
('Leira', 'Appliances', 'Stone', 'Ikea', 2016, 275.58, 1, 2);


INSERT INTO list (userID, listName) VALUES
-- listID = 1-23
(11, "Wishlist"),
(22, "Birthday list"),
(40, "Horrible products list"),
(29, "Kindling list"),
(7, "list 12"),
(6, "new list"),
(1, "christmas presents");

INSERT INTO list (userID) VALUES
(21),
(34),
(46),
(39),
(13),
(27),
(42),
(4),
(33),
(14),
(23),
(3),
(5),
(36),
(44),
(2);

INSERT INTO inlist (listID, itemID, quantity) VALUES
(1, 52, 3),
(2, 1, 2),
(3, 36, 5),
(4, 17, 2),
(5, 3, 1),
(6, 38, 4),
(7, 5, 4),
(8, 26, 1),
(9, 13, 3),
(10, 1, 4),
(11, 14, 0),
(12, 51, 2),
(13, 33, 1),
(14, 22, 2),
(15, 24, 4),
(16, 15, 0),
(17, 48, 5),
(18, 36, 2),
(19, 34, 3),
(20, 35, 2),
(21, 42, 0),
(22, 42, 1),
(23, 10, 5);

INSERT INTO cart (userID, itemID, quantity) VALUES
(1, 4, 2),
(2, 8, 5),
(3, 12, 1),
(4, 18, 7),
(5, 22, 3),
(6, 31, 6),
(7, 25, 4),
(8, 9, 1),
(9, 47, 2),
(10, 13, 8),
(11, 3, 6),
(12, 15, 9),
(13, 17, 2),
(14, 20, 1),
(15, 7, 4),
(16, 10, 5),
(17, 21, 3),
(18, 30, 7),
(19, 2, 8),
(20, 28, 6),
(21, 6, 4),
(22, 50, 9),
(23, 29, 1),
(24, 5, 2),
(25, 24, 6),
(26, 11, 7),
(27, 33, 3),
(28, 36, 4),
(29, 39, 1),
(30, 46, 9),
(31, 38, 5),
(32, 19, 2),
(33, 26, 8);